tax_id,parent_id,rank,tax_name,root,rank_0,rank_1,rank_2,rank_3,rank_4,rank_5,rank_6
Root,Root,root,Root,Root,,,,,,,
d__Archaea,Root,rank_0,d__Archaea,Root,d__Archaea,,,,,,
p__Crenarchaeota,d__Archaea,rank_1,p__Crenarchaeota,Root,d__Archaea,p__Crenarchaeota,,,,,
c__Thermoprotei,p__Crenarchaeota,rank_2,c__Thermoprotei,Root,d__Archaea,p__Crenarchaeota,c__Thermoprotei,,,,
o__Acidilobales,c__Thermoprotei,rank_3,o__Acidilobales,Root,d__Archaea,p__Crenarchaeota,c__Thermoprotei,o__Acidilobales,,,
f__Acidilobaceae,o__Acidilobales,rank_4,f__Acidilobaceae,Root,d__Archaea,p__Crenarchaeota,c__Thermoprotei,o__Acidilobales,f__Acidilobaceae,,
g__Acidilobus,f__Acidilobaceae,rank_5,g__Acidilobus,Root,d__Archaea,p__Crenarchaeota,c__Thermoprotei,o__Acidilobales,f__Acidilobaceae,g__Acidilobus,
s__Acidilobus_saccharovorans,g__Acidilobus,rank_6,s__Acidilobus_saccharovorans,Root,d__Archaea,p__Crenarchaeota,c__Thermoprotei,o__Acidilobales,f__Acidilobaceae,g__Acidilobus,s__Acidilobus_saccharovorans
s__uncultured_Acidilobus_sp._JCHS,g__Acidilobus,rank_6,s__uncultured_Acidilobus_sp._JCHS,Root,d__Archaea,p__Crenarchaeota,c__Thermoprotei,o__Acidilobales,f__Acidilobaceae,g__Acidilobus,s__uncultured_Acidilobus_sp._JCHS
f__Caldisphaeraceae,o__Acidilobales,rank_4,f__Caldisphaeraceae,Root,d__Archaea,p__Crenarchaeota,c__Thermoprotei,o__Acidilobales,f__Caldisphaeraceae,,
g__Caldisphaera,f__Caldisphaeraceae,rank_5,g__Caldisphaera,Root,d__Archaea,p__Crenarchaeota,c__Thermoprotei,o__Acidilobales,f__Caldisphaeraceae,g__Caldisphaera,
s__Caldisphaera_sp.,g__Caldisphaera,rank_6,s__Caldisphaera_sp.,Root,d__Archaea,p__Crenarchaeota,c__Thermoprotei,o__Acidilobales,f__Caldisphaeraceae,g__Caldisphaera,s__Caldisphaera_sp.
o__Desulfurococcales,c__Thermoprotei,rank_3,o__Desulfurococcales,Root,d__Archaea,p__Crenarchaeota,c__Thermoprotei,o__Desulfurococcales,,,
f__Desulfurococcaceae,o__Desulfurococcales,rank_4,f__Desulfurococcaceae,Root,d__Archaea,p__Crenarchaeota,c__Thermoprotei,o__Desulfurococcales,f__Desulfurococcaceae,,
g__Aeropyrum,f__Desulfurococcaceae,rank_5,g__Aeropyrum,Root,d__Archaea,p__Crenarchaeota,c__Thermoprotei,o__Desulfurococcales,f__Desulfurococcaceae,g__Aeropyrum,
s__Aeropyrum_pernix,g__Aeropyrum,rank_6,s__Aeropyrum_pernix,Root,d__Archaea,p__Crenarchaeota,c__Thermoprotei,o__Desulfurococcales,f__Desulfurococcaceae,g__Aeropyrum,s__Aeropyrum_pernix
g__Desulfurococcus,f__Desulfurococcaceae,rank_5,g__Desulfurococcus,Root,d__Archaea,p__Crenarchaeota,c__Thermoprotei,o__Desulfurococcales,f__Desulfurococcaceae,g__Desulfurococcus,
s__Desulfurococcus_mucosus,g__Desulfurococcus,rank_6,s__Desulfurococcus_mucosus,Root,d__Archaea,p__Crenarchaeota,c__Thermoprotei,o__Desulfurococcales,f__Desulfurococcaceae,g__Desulfurococcus,s__Desulfurococcus_mucosus
g__Ignicoccus,f__Desulfurococcaceae,rank_5,g__Ignicoccus,Root,d__Archaea,p__Crenarchaeota,c__Thermoprotei,o__Desulfurococcales,f__Desulfurococcaceae,g__Ignicoccus,
s__Ignicoccus_hospitalis,g__Ignicoccus,rank_6,s__Ignicoccus_hospitalis,Root,d__Archaea,p__Crenarchaeota,c__Thermoprotei,o__Desulfurococcales,f__Desulfurococcaceae,g__Ignicoccus,s__Ignicoccus_hospitalis
s__Ignicoccus_islandicus,g__Ignicoccus,rank_6,s__Ignicoccus_islandicus,Root,d__Archaea,p__Crenarchaeota,c__Thermoprotei,o__Desulfurococcales,f__Desulfurococcaceae,g__Ignicoccus,s__Ignicoccus_islandicus
g__Ignisphaera,f__Desulfurococcaceae,rank_5,g__Ignisphaera,Root,d__Archaea,p__Crenarchaeota,c__Thermoprotei,o__Desulfurococcales,f__Desulfurococcaceae,g__Ignisphaera,
s__Ignisphaera_aggregans,g__Ignisphaera,rank_6,s__Ignisphaera_aggregans,Root,d__Archaea,p__Crenarchaeota,c__Thermoprotei,o__Desulfurococcales,f__Desulfurococcaceae,g__Ignisphaera,s__Ignisphaera_aggregans
g__Staphylothermus,f__Desulfurococcaceae,rank_5,g__Staphylothermus,Root,d__Archaea,p__Crenarchaeota,c__Thermoprotei,o__Desulfurococcales,f__Desulfurococcaceae,g__Staphylothermus,
s__Staphylothermus_hellenicus,g__Staphylothermus,rank_6,s__Staphylothermus_hellenicus,Root,d__Archaea,p__Crenarchaeota,c__Thermoprotei,o__Desulfurococcales,f__Desulfurococcaceae,g__Staphylothermus,s__Staphylothermus_hellenicus
g__Thermogladius,f__Desulfurococcaceae,rank_5,g__Thermogladius,Root,d__Archaea,p__Crenarchaeota,c__Thermoprotei,o__Desulfurococcales,f__Desulfurococcaceae,g__Thermogladius,
s__Thermogladius_calderae,g__Thermogladius,rank_6,s__Thermogladius_calderae,Root,d__Archaea,p__Crenarchaeota,c__Thermoprotei,o__Desulfurococcales,f__Desulfurococcaceae,g__Thermogladius,s__Thermogladius_calderae
g__Thermosphaera,f__Desulfurococcaceae,rank_5,g__Thermosphaera,Root,d__Archaea,p__Crenarchaeota,c__Thermoprotei,o__Desulfurococcales,f__Desulfurococcaceae,g__Thermosphaera,
s__Thermosphaera_aggregans,g__Thermosphaera,rank_6,s__Thermosphaera_aggregans,Root,d__Archaea,p__Crenarchaeota,c__Thermoprotei,o__Desulfurococcales,f__Desulfurococcaceae,g__Thermosphaera,s__Thermosphaera_aggregans
g__Zestosphaera,f__Desulfurococcaceae,rank_5,g__Zestosphaera,Root,d__Archaea,p__Crenarchaeota,c__Thermoprotei,o__Desulfurococcales,f__Desulfurococcaceae,g__Zestosphaera,
s__Zestosphaera_tikiterensis,g__Zestosphaera,rank_6,s__Zestosphaera_tikiterensis,Root,d__Archaea,p__Crenarchaeota,c__Thermoprotei,o__Desulfurococcales,f__Desulfurococcaceae,g__Zestosphaera,s__Zestosphaera_tikiterensis
f__Pyrodictiaceae,o__Desulfurococcales,rank_4,f__Pyrodictiaceae,Root,d__Archaea,p__Crenarchaeota,c__Thermoprotei,o__Desulfurococcales,f__Pyrodictiaceae,,
g__Hyperthermus,f__Pyrodictiaceae,rank_5,g__Hyperthermus,Root,d__Archaea,p__Crenarchaeota,c__Thermoprotei,o__Desulfurococcales,f__Pyrodictiaceae,g__Hyperthermus,
s__Hyperthermus_butylicus,g__Hyperthermus,rank_6,s__Hyperthermus_butylicus,Root,d__Archaea,p__Crenarchaeota,c__Thermoprotei,o__Desulfurococcales,f__Pyrodictiaceae,g__Hyperthermus,s__Hyperthermus_butylicus
o__Fervidicoccales,c__Thermoprotei,rank_3,o__Fervidicoccales,Root,d__Archaea,p__Crenarchaeota,c__Thermoprotei,o__Fervidicoccales,,,
f__Fervidicoccaceae,o__Fervidicoccales,rank_4,f__Fervidicoccaceae,Root,d__Archaea,p__Crenarchaeota,c__Thermoprotei,o__Fervidicoccales,f__Fervidicoccaceae,,
g__Fervidicoccus,f__Fervidicoccaceae,rank_5,g__Fervidicoccus,Root,d__Archaea,p__Crenarchaeota,c__Thermoprotei,o__Fervidicoccales,f__Fervidicoccaceae,g__Fervidicoccus,
s__Fervidicoccus_fontis,g__Fervidicoccus,rank_6,s__Fervidicoccus_fontis,Root,d__Archaea,p__Crenarchaeota,c__Thermoprotei,o__Fervidicoccales,f__Fervidicoccaceae,g__Fervidicoccus,s__Fervidicoccus_fontis
o__Sulfolobales,c__Thermoprotei,rank_3,o__Sulfolobales,Root,d__Archaea,p__Crenarchaeota,c__Thermoprotei,o__Sulfolobales,,,
f__Sulfolobaceae,o__Sulfolobales,rank_4,f__Sulfolobaceae,Root,d__Archaea,p__Crenarchaeota,c__Thermoprotei,o__Sulfolobales,f__Sulfolobaceae,,
g__Acidianus,f__Sulfolobaceae,rank_5,g__Acidianus,Root,d__Archaea,p__Crenarchaeota,c__Thermoprotei,o__Sulfolobales,f__Sulfolobaceae,g__Acidianus,
s__Acidianus_manzaensis,g__Acidianus,rank_6,s__Acidianus_manzaensis,Root,d__Archaea,p__Crenarchaeota,c__Thermoprotei,o__Sulfolobales,f__Sulfolobaceae,g__Acidianus,s__Acidianus_manzaensis
g__Candidatus_Aramenus,f__Sulfolobaceae,rank_5,g__Candidatus_Aramenus,Root,d__Archaea,p__Crenarchaeota,c__Thermoprotei,o__Sulfolobales,f__Sulfolobaceae,g__Candidatus_Aramenus,
s__Candidatus_Aramenus_sulfurataquae,g__Candidatus_Aramenus,rank_6,s__Candidatus_Aramenus_sulfurataquae,Root,d__Archaea,p__Crenarchaeota,c__Thermoprotei,o__Sulfolobales,f__Sulfolobaceae,g__Candidatus_Aramenus,s__Candidatus_Aramenus_sulfurataquae
g__Metallosphaera,f__Sulfolobaceae,rank_5,g__Metallosphaera,Root,d__Archaea,p__Crenarchaeota,c__Thermoprotei,o__Sulfolobales,f__Sulfolobaceae,g__Metallosphaera,
s__Metallosphaera_cuprina,g__Metallosphaera,rank_6,s__Metallosphaera_cuprina,Root,d__Archaea,p__Crenarchaeota,c__Thermoprotei,o__Sulfolobales,f__Sulfolobaceae,g__Metallosphaera,s__Metallosphaera_cuprina
s__Metallosphaera_yellowstonensis,g__Metallosphaera,rank_6,s__Metallosphaera_yellowstonensis,Root,d__Archaea,p__Crenarchaeota,c__Thermoprotei,o__Sulfolobales,f__Sulfolobaceae,g__Metallosphaera,s__Metallosphaera_yellowstonensis
g__Saccharolobus,f__Sulfolobaceae,rank_5,g__Saccharolobus,Root,d__Archaea,p__Crenarchaeota,c__Thermoprotei,o__Sulfolobales,f__Sulfolobaceae,g__Saccharolobus,
s__Saccharolobus_solfataricus,g__Saccharolobus,rank_6,s__Saccharolobus_solfataricus,Root,d__Archaea,p__Crenarchaeota,c__Thermoprotei,o__Sulfolobales,f__Sulfolobaceae,g__Saccharolobus,s__Saccharolobus_solfataricus
g__Sulfuracidifex,f__Sulfolobaceae,rank_5,g__Sulfuracidifex,Root,d__Archaea,p__Crenarchaeota,c__Thermoprotei,o__Sulfolobales,f__Sulfolobaceae,g__Sulfuracidifex,
s__Sulfuracidifex_tepidarius,g__Sulfuracidifex,rank_6,s__Sulfuracidifex_tepidarius,Root,d__Archaea,p__Crenarchaeota,c__Thermoprotei,o__Sulfolobales,f__Sulfolobaceae,g__Sulfuracidifex,s__Sulfuracidifex_tepidarius
o__Thermoproteales,c__Thermoprotei,rank_3,o__Thermoproteales,Root,d__Archaea,p__Crenarchaeota,c__Thermoprotei,o__Thermoproteales,,,
f__Thermofilaceae,o__Thermoproteales,rank_4,f__Thermofilaceae,Root,d__Archaea,p__Crenarchaeota,c__Thermoprotei,o__Thermoproteales,f__Thermofilaceae,,
g__Thermofilum,f__Thermofilaceae,rank_5,g__Thermofilum,Root,d__Archaea,p__Crenarchaeota,c__Thermoprotei,o__Thermoproteales,f__Thermofilaceae,g__Thermofilum,
s__Thermofilum_pendens,g__Thermofilum,rank_6,s__Thermofilum_pendens,Root,d__Archaea,p__Crenarchaeota,c__Thermoprotei,o__Thermoproteales,f__Thermofilaceae,g__Thermofilum,s__Thermofilum_pendens
s__Thermofilum_sp._NZ13,g__Thermofilum,rank_6,s__Thermofilum_sp._NZ13,Root,d__Archaea,p__Crenarchaeota,c__Thermoprotei,o__Thermoproteales,f__Thermofilaceae,g__Thermofilum,s__Thermofilum_sp._NZ13
s__Thermofilum_sp._ex4484_15,g__Thermofilum,rank_6,s__Thermofilum_sp._ex4484_15,Root,d__Archaea,p__Crenarchaeota,c__Thermoprotei,o__Thermoproteales,f__Thermofilaceae,g__Thermofilum,s__Thermofilum_sp._ex4484_15
s__Thermofilum_sp._ex4484_79,g__Thermofilum,rank_6,s__Thermofilum_sp._ex4484_79,Root,d__Archaea,p__Crenarchaeota,c__Thermoprotei,o__Thermoproteales,f__Thermofilaceae,g__Thermofilum,s__Thermofilum_sp._ex4484_79
s__Thermofilum_sp._ex4484_82,g__Thermofilum,rank_6,s__Thermofilum_sp._ex4484_82,Root,d__Archaea,p__Crenarchaeota,c__Thermoprotei,o__Thermoproteales,f__Thermofilaceae,g__Thermofilum,s__Thermofilum_sp._ex4484_82
f__Thermoproteaceae,o__Thermoproteales,rank_4,f__Thermoproteaceae,Root,d__Archaea,p__Crenarchaeota,c__Thermoprotei,o__Thermoproteales,f__Thermoproteaceae,,
g__Caldivirga,f__Thermoproteaceae,rank_5,g__Caldivirga,Root,d__Archaea,p__Crenarchaeota,c__Thermoprotei,o__Thermoproteales,f__Thermoproteaceae,g__Caldivirga,
s__Caldivirga_sp._MG_3,g__Caldivirga,rank_6,s__Caldivirga_sp._MG_3,Root,d__Archaea,p__Crenarchaeota,c__Thermoprotei,o__Thermoproteales,f__Thermoproteaceae,g__Caldivirga,s__Caldivirga_sp._MG_3
g__Pyrobaculum,f__Thermoproteaceae,rank_5,g__Pyrobaculum,Root,d__Archaea,p__Crenarchaeota,c__Thermoprotei,o__Thermoproteales,f__Thermoproteaceae,g__Pyrobaculum,
s__Pyrobaculum_ferrireducens,g__Pyrobaculum,rank_6,s__Pyrobaculum_ferrireducens,Root,d__Archaea,p__Crenarchaeota,c__Thermoprotei,o__Thermoproteales,f__Thermoproteaceae,g__Pyrobaculum,s__Pyrobaculum_ferrireducens
s__Pyrobaculum_neutrophilum,g__Pyrobaculum,rank_6,s__Pyrobaculum_neutrophilum,Root,d__Archaea,p__Crenarchaeota,c__Thermoprotei,o__Thermoproteales,f__Thermoproteaceae,g__Pyrobaculum,s__Pyrobaculum_neutrophilum
s__Pyrobaculum_oguniense,g__Pyrobaculum,rank_6,s__Pyrobaculum_oguniense,Root,d__Archaea,p__Crenarchaeota,c__Thermoprotei,o__Thermoproteales,f__Thermoproteaceae,g__Pyrobaculum,s__Pyrobaculum_oguniense
g__Thermocladium,f__Thermoproteaceae,rank_5,g__Thermocladium,Root,d__Archaea,p__Crenarchaeota,c__Thermoprotei,o__Thermoproteales,f__Thermoproteaceae,g__Thermocladium,
s__Thermocladium_sp._ECH_B,g__Thermocladium,rank_6,s__Thermocladium_sp._ECH_B,Root,d__Archaea,p__Crenarchaeota,c__Thermoprotei,o__Thermoproteales,f__Thermoproteaceae,g__Thermocladium,s__Thermocladium_sp._ECH_B
g__Thermoproteus,f__Thermoproteaceae,rank_5,g__Thermoproteus,Root,d__Archaea,p__Crenarchaeota,c__Thermoprotei,o__Thermoproteales,f__Thermoproteaceae,g__Thermoproteus,
s__Thermoproteus_sp._AZ2,g__Thermoproteus,rank_6,s__Thermoproteus_sp._AZ2,Root,d__Archaea,p__Crenarchaeota,c__Thermoprotei,o__Thermoproteales,f__Thermoproteaceae,g__Thermoproteus,s__Thermoproteus_sp._AZ2
s__Thermoproteus_sp._CIS_19,g__Thermoproteus,rank_6,s__Thermoproteus_sp._CIS_19,Root,d__Archaea,p__Crenarchaeota,c__Thermoprotei,o__Thermoproteales,f__Thermoproteaceae,g__Thermoproteus,s__Thermoproteus_sp._CIS_19
s__Thermoproteus_tenax,g__Thermoproteus,rank_6,s__Thermoproteus_tenax,Root,d__Archaea,p__Crenarchaeota,c__Thermoprotei,o__Thermoproteales,f__Thermoproteaceae,g__Thermoproteus,s__Thermoproteus_tenax
g__Vulcanisaeta,f__Thermoproteaceae,rank_5,g__Vulcanisaeta,Root,d__Archaea,p__Crenarchaeota,c__Thermoprotei,o__Thermoproteales,f__Thermoproteaceae,g__Vulcanisaeta,
s__Vulcanisaeta_distributa,g__Vulcanisaeta,rank_6,s__Vulcanisaeta_distributa,Root,d__Archaea,p__Crenarchaeota,c__Thermoprotei,o__Thermoproteales,f__Thermoproteaceae,g__Vulcanisaeta,s__Vulcanisaeta_distributa
s__Vulcanisaeta_sp._AZ3,g__Vulcanisaeta,rank_6,s__Vulcanisaeta_sp._AZ3,Root,d__Archaea,p__Crenarchaeota,c__Thermoprotei,o__Thermoproteales,f__Thermoproteaceae,g__Vulcanisaeta,s__Vulcanisaeta_sp._AZ3
s__Vulcanisaeta_sp._OSP_8,g__Vulcanisaeta,rank_6,s__Vulcanisaeta_sp._OSP_8,Root,d__Archaea,p__Crenarchaeota,c__Thermoprotei,o__Thermoproteales,f__Thermoproteaceae,g__Vulcanisaeta,s__Vulcanisaeta_sp._OSP_8
s__Vulcanisaeta_thermophila,g__Vulcanisaeta,rank_6,s__Vulcanisaeta_thermophila,Root,d__Archaea,p__Crenarchaeota,c__Thermoprotei,o__Thermoproteales,f__Thermoproteaceae,g__Vulcanisaeta,s__Vulcanisaeta_thermophila
p__Euryarchaeota,d__Archaea,rank_1,p__Euryarchaeota,Root,d__Archaea,p__Euryarchaeota,,,,,
c__Archaeoglobi,p__Euryarchaeota,rank_2,c__Archaeoglobi,Root,d__Archaea,p__Euryarchaeota,c__Archaeoglobi,,,,
o__Archaeoglobales,c__Archaeoglobi,rank_3,o__Archaeoglobales,Root,d__Archaea,p__Euryarchaeota,c__Archaeoglobi,o__Archaeoglobales,,,
f__Archaeoglobaceae,o__Archaeoglobales,rank_4,f__Archaeoglobaceae,Root,d__Archaea,p__Euryarchaeota,c__Archaeoglobi,o__Archaeoglobales,f__Archaeoglobaceae,,
g__Archaeoglobus,f__Archaeoglobaceae,rank_5,g__Archaeoglobus,Root,d__Archaea,p__Euryarchaeota,c__Archaeoglobi,o__Archaeoglobales,f__Archaeoglobaceae,g__Archaeoglobus,
s__Archaeoglobus_fulgidus,g__Archaeoglobus,rank_6,s__Archaeoglobus_fulgidus,Root,d__Archaea,p__Euryarchaeota,c__Archaeoglobi,o__Archaeoglobales,f__Archaeoglobaceae,g__Archaeoglobus,s__Archaeoglobus_fulgidus
s__Archaeoglobus_profundus,g__Archaeoglobus,rank_6,s__Archaeoglobus_profundus,Root,d__Archaea,p__Euryarchaeota,c__Archaeoglobi,o__Archaeoglobales,f__Archaeoglobaceae,g__Archaeoglobus,s__Archaeoglobus_profundus
s__Archaeoglobus_sulfaticallidus,g__Archaeoglobus,rank_6,s__Archaeoglobus_sulfaticallidus,Root,d__Archaea,p__Euryarchaeota,c__Archaeoglobi,o__Archaeoglobales,f__Archaeoglobaceae,g__Archaeoglobus,s__Archaeoglobus_sulfaticallidus
s__Archaeoglobus_veneficus,g__Archaeoglobus,rank_6,s__Archaeoglobus_veneficus,Root,d__Archaea,p__Euryarchaeota,c__Archaeoglobi,o__Archaeoglobales,f__Archaeoglobaceae,g__Archaeoglobus,s__Archaeoglobus_veneficus
g__Geoglobus,f__Archaeoglobaceae,rank_5,g__Geoglobus,Root,d__Archaea,p__Euryarchaeota,c__Archaeoglobi,o__Archaeoglobales,f__Archaeoglobaceae,g__Geoglobus,
s__Geoglobus_ahangari,g__Geoglobus,rank_6,s__Geoglobus_ahangari,Root,d__Archaea,p__Euryarchaeota,c__Archaeoglobi,o__Archaeoglobales,f__Archaeoglobaceae,g__Geoglobus,s__Geoglobus_ahangari
c__Candidatus_Poseidoniia,p__Euryarchaeota,rank_2,c__Candidatus_Poseidoniia,Root,d__Archaea,p__Euryarchaeota,c__Candidatus_Poseidoniia,,,,
o__Candidatus_Poseidoniales,c__Candidatus_Poseidoniia,rank_3,o__Candidatus_Poseidoniales,Root,d__Archaea,p__Euryarchaeota,c__Candidatus_Poseidoniia,o__Candidatus_Poseidoniales,,,
f__Candidatus_Thalassarchaeaceae,o__Candidatus_Poseidoniales,rank_4,f__Candidatus_Thalassarchaeaceae,Root,d__Archaea,p__Euryarchaeota,c__Candidatus_Poseidoniia,o__Candidatus_Poseidoniales,f__Candidatus_Thalassarchaeaceae,,
g__Candidatus_Thalassarchaeum,f__Candidatus_Thalassarchaeaceae,rank_5,g__Candidatus_Thalassarchaeum,Root,d__Archaea,p__Euryarchaeota,c__Candidatus_Poseidoniia,o__Candidatus_Poseidoniales,f__Candidatus_Thalassarchaeaceae,g__Candidatus_Thalassarchaeum,
s__uncultured_Candidatus_Thalassoarchaea_euryarchaeote,g__Candidatus_Thalassarchaeum,rank_6,s__uncultured_Candidatus_Thalassoarchaea_euryarchaeote,Root,d__Archaea,p__Euryarchaeota,c__Candidatus_Poseidoniia,o__Candidatus_Poseidoniales,f__Candidatus_Thalassarchaeaceae,g__Candidatus_Thalassarchaeum,s__uncultured_Candidatus_Thalassoarchaea_euryarchaeote
c__Halobacteria,p__Euryarchaeota,rank_2,c__Halobacteria,Root,d__Archaea,p__Euryarchaeota,c__Halobacteria,,,,
o__Halobacteriales,c__Halobacteria,rank_3,o__Halobacteriales,Root,d__Archaea,p__Euryarchaeota,c__Halobacteria,o__Halobacteriales,,,
f__Haloarculaceae,o__Halobacteriales,rank_4,f__Haloarculaceae,Root,d__Archaea,p__Euryarchaeota,c__Halobacteria,o__Halobacteriales,f__Haloarculaceae,,
g__Halomicrobium,f__Haloarculaceae,rank_5,g__Halomicrobium,Root,d__Archaea,p__Euryarchaeota,c__Halobacteria,o__Halobacteriales,f__Haloarculaceae,g__Halomicrobium,
s__Halomicrobium_zhouii,g__Halomicrobium,rank_6,s__Halomicrobium_zhouii,Root,d__Archaea,p__Euryarchaeota,c__Halobacteria,o__Halobacteriales,f__Haloarculaceae,g__Halomicrobium,s__Halomicrobium_zhouii
g__Halorientalis,f__Haloarculaceae,rank_5,g__Halorientalis,Root,d__Archaea,p__Euryarchaeota,c__Halobacteria,o__Halobacteriales,f__Haloarculaceae,g__Halorientalis,
s__Halorientalis_regularis,g__Halorientalis,rank_6,s__Halorientalis_regularis,Root,d__Archaea,p__Euryarchaeota,c__Halobacteria,o__Halobacteriales,f__Haloarculaceae,g__Halorientalis,s__Halorientalis_regularis
g__Natronomonas,f__Haloarculaceae,rank_5,g__Natronomonas,Root,d__Archaea,p__Euryarchaeota,c__Halobacteria,o__Halobacteriales,f__Haloarculaceae,g__Natronomonas,
s__Natronomonas_moolapensis,g__Natronomonas,rank_6,s__Natronomonas_moolapensis,Root,d__Archaea,p__Euryarchaeota,c__Halobacteria,o__Halobacteriales,f__Haloarculaceae,g__Natronomonas,s__Natronomonas_moolapensis
f__Halobacteriaceae,o__Halobacteriales,rank_4,f__Halobacteriaceae,Root,d__Archaea,p__Euryarchaeota,c__Halobacteria,o__Halobacteriales,f__Halobacteriaceae,,
g__Halanaeroarchaeum,f__Halobacteriaceae,rank_5,g__Halanaeroarchaeum,Root,d__Archaea,p__Euryarchaeota,c__Halobacteria,o__Halobacteriales,f__Halobacteriaceae,g__Halanaeroarchaeum,
s__Halanaeroarchaeum_sulfurireducens,g__Halanaeroarchaeum,rank_6,s__Halanaeroarchaeum_sulfurireducens,Root,d__Archaea,p__Euryarchaeota,c__Halobacteria,o__Halobacteriales,f__Halobacteriaceae,g__Halanaeroarchaeum,s__Halanaeroarchaeum_sulfurireducens
g__Haloarchaeobius,f__Halobacteriaceae,rank_5,g__Haloarchaeobius,Root,d__Archaea,p__Euryarchaeota,c__Halobacteria,o__Halobacteriales,f__Halobacteriaceae,g__Haloarchaeobius,
s__Haloarchaeobius_iranensis,g__Haloarchaeobius,rank_6,s__Haloarchaeobius_iranensis,Root,d__Archaea,p__Euryarchaeota,c__Halobacteria,o__Halobacteriales,f__Halobacteriaceae,g__Haloarchaeobius,s__Haloarchaeobius_iranensis
g__Halobacterium,f__Halobacteriaceae,rank_5,g__Halobacterium,Root,d__Archaea,p__Euryarchaeota,c__Halobacteria,o__Halobacteriales,f__Halobacteriaceae,g__Halobacterium,
s__Halobacterium_sp._DL1,g__Halobacterium,rank_6,s__Halobacterium_sp._DL1,Root,d__Archaea,p__Euryarchaeota,c__Halobacteria,o__Halobacteriales,f__Halobacteriaceae,g__Halobacterium,s__Halobacterium_sp._DL1
g__Halodesulfurarchaeum,f__Halobacteriaceae,rank_5,g__Halodesulfurarchaeum,Root,d__Archaea,p__Euryarchaeota,c__Halobacteria,o__Halobacteriales,f__Halobacteriaceae,g__Halodesulfurarchaeum,
s__Halodesulfurarchaeum_formicicum,g__Halodesulfurarchaeum,rank_6,s__Halodesulfurarchaeum_formicicum,Root,d__Archaea,p__Euryarchaeota,c__Halobacteria,o__Halobacteriales,f__Halobacteriaceae,g__Halodesulfurarchaeum,s__Halodesulfurarchaeum_formicicum
f__Halococcaceae,o__Halobacteriales,rank_4,f__Halococcaceae,Root,d__Archaea,p__Euryarchaeota,c__Halobacteria,o__Halobacteriales,f__Halococcaceae,,
g__Halococcus,f__Halococcaceae,rank_5,g__Halococcus,Root,d__Archaea,p__Euryarchaeota,c__Halobacteria,o__Halobacteriales,f__Halococcaceae,g__Halococcus,
s__Halococcus_hamelinensis,g__Halococcus,rank_6,s__Halococcus_hamelinensis,Root,d__Archaea,p__Euryarchaeota,c__Halobacteria,o__Halobacteriales,f__Halococcaceae,g__Halococcus,s__Halococcus_hamelinensis
o__Haloferacales,c__Halobacteria,rank_3,o__Haloferacales,Root,d__Archaea,p__Euryarchaeota,c__Halobacteria,o__Haloferacales,,,
f__Haloferacaceae,o__Haloferacales,rank_4,f__Haloferacaceae,Root,d__Archaea,p__Euryarchaeota,c__Halobacteria,o__Haloferacales,f__Haloferacaceae,,
g__Halobellus,f__Haloferacaceae,rank_5,g__Halobellus,Root,d__Archaea,p__Euryarchaeota,c__Halobacteria,o__Haloferacales,f__Haloferacaceae,g__Halobellus,
s__Halobellus_clavatus,g__Halobellus,rank_6,s__Halobellus_clavatus,Root,d__Archaea,p__Euryarchaeota,c__Halobacteria,o__Haloferacales,f__Haloferacaceae,g__Halobellus,s__Halobellus_clavatus
g__Haloferax,f__Haloferacaceae,rank_5,g__Haloferax,Root,d__Archaea,p__Euryarchaeota,c__Halobacteria,o__Haloferacales,f__Haloferacaceae,g__Haloferax,
s__Haloferax_denitrificans,g__Haloferax,rank_6,s__Haloferax_denitrificans,Root,d__Archaea,p__Euryarchaeota,c__Halobacteria,o__Haloferacales,f__Haloferacaceae,g__Haloferax,s__Haloferax_denitrificans
g__Halogranum,f__Haloferacaceae,rank_5,g__Halogranum,Root,d__Archaea,p__Euryarchaeota,c__Halobacteria,o__Haloferacales,f__Haloferacaceae,g__Halogranum,
f__Halorubraceae,o__Haloferacales,rank_4,f__Halorubraceae,Root,d__Archaea,p__Euryarchaeota,c__Halobacteria,o__Haloferacales,f__Halorubraceae,,
g__Candidatus_Halobonum,f__Halorubraceae,rank_5,g__Candidatus_Halobonum,Root,d__Archaea,p__Euryarchaeota,c__Halobacteria,o__Haloferacales,f__Halorubraceae,g__Candidatus_Halobonum,
s__Candidatus_Halobonum_tyrrellensis,g__Candidatus_Halobonum,rank_6,s__Candidatus_Halobonum_tyrrellensis,Root,d__Archaea,p__Euryarchaeota,c__Halobacteria,o__Haloferacales,f__Halorubraceae,g__Candidatus_Halobonum,s__Candidatus_Halobonum_tyrrellensis
g__Halohasta,f__Halorubraceae,rank_5,g__Halohasta,Root,d__Archaea,p__Euryarchaeota,c__Halobacteria,o__Haloferacales,f__Halorubraceae,g__Halohasta,
s__Halohasta_litchfieldiae,g__Halohasta,rank_6,s__Halohasta_litchfieldiae,Root,d__Archaea,p__Euryarchaeota,c__Halobacteria,o__Haloferacales,f__Halorubraceae,g__Halohasta,s__Halohasta_litchfieldiae
g__Halolamina,f__Halorubraceae,rank_5,g__Halolamina,Root,d__Archaea,p__Euryarchaeota,c__Halobacteria,o__Haloferacales,f__Halorubraceae,g__Halolamina,
s__Halolamina_rubra,g__Halolamina,rank_6,s__Halolamina_rubra,Root,d__Archaea,p__Euryarchaeota,c__Halobacteria,o__Haloferacales,f__Halorubraceae,g__Halolamina,s__Halolamina_rubra
g__Halorubrum,f__Halorubraceae,rank_5,g__Halorubrum,Root,d__Archaea,p__Euryarchaeota,c__Halobacteria,o__Haloferacales,f__Halorubraceae,g__Halorubrum,
s__Halorubrum_sp._BV1,g__Halorubrum,rank_6,s__Halorubrum_sp._BV1,Root,d__Archaea,p__Euryarchaeota,c__Halobacteria,o__Haloferacales,f__Halorubraceae,g__Halorubrum,s__Halorubrum_sp._BV1
o__Natrialbales,c__Halobacteria,rank_3,o__Natrialbales,Root,d__Archaea,p__Euryarchaeota,c__Halobacteria,o__Natrialbales,,,
f__Natrialbaceae,o__Natrialbales,rank_4,f__Natrialbaceae,Root,d__Archaea,p__Euryarchaeota,c__Halobacteria,o__Natrialbales,f__Natrialbaceae,,
g__Halovivax,f__Natrialbaceae,rank_5,g__Halovivax,Root,d__Archaea,p__Euryarchaeota,c__Halobacteria,o__Natrialbales,f__Natrialbaceae,g__Halovivax,
c__Methanococci,p__Euryarchaeota,rank_2,c__Methanococci,Root,d__Archaea,p__Euryarchaeota,c__Methanococci,,,,
o__Methanococcales,c__Methanococci,rank_3,o__Methanococcales,Root,d__Archaea,p__Euryarchaeota,c__Methanococci,o__Methanococcales,,,
f__Methanocaldococcaceae,o__Methanococcales,rank_4,f__Methanocaldococcaceae,Root,d__Archaea,p__Euryarchaeota,c__Methanococci,o__Methanococcales,f__Methanocaldococcaceae,,
g__Methanocaldococcus,f__Methanocaldococcaceae,rank_5,g__Methanocaldococcus,Root,d__Archaea,p__Euryarchaeota,c__Methanococci,o__Methanococcales,f__Methanocaldococcaceae,g__Methanocaldococcus,
s__Methanocaldococcus_bathoardescens,g__Methanocaldococcus,rank_6,s__Methanocaldococcus_bathoardescens,Root,d__Archaea,p__Euryarchaeota,c__Methanococci,o__Methanococcales,f__Methanocaldococcaceae,g__Methanocaldococcus,s__Methanocaldococcus_bathoardescens
g__Methanotorris,f__Methanocaldococcaceae,rank_5,g__Methanotorris,Root,d__Archaea,p__Euryarchaeota,c__Methanococci,o__Methanococcales,f__Methanocaldococcaceae,g__Methanotorris,
s__Methanotorris_igneus,g__Methanotorris,rank_6,s__Methanotorris_igneus,Root,d__Archaea,p__Euryarchaeota,c__Methanococci,o__Methanococcales,f__Methanocaldococcaceae,g__Methanotorris,s__Methanotorris_igneus
f__Methanococcaceae,o__Methanococcales,rank_4,f__Methanococcaceae,Root,d__Archaea,p__Euryarchaeota,c__Methanococci,o__Methanococcales,f__Methanococcaceae,,
g__Methanococcus,f__Methanococcaceae,rank_5,g__Methanococcus,Root,d__Archaea,p__Euryarchaeota,c__Methanococci,o__Methanococcales,f__Methanococcaceae,g__Methanococcus,
s__Methanococcus_aeolicus,g__Methanococcus,rank_6,s__Methanococcus_aeolicus,Root,d__Archaea,p__Euryarchaeota,c__Methanococci,o__Methanococcales,f__Methanococcaceae,g__Methanococcus,s__Methanococcus_aeolicus
s__Methanococcus_maripaludis,g__Methanococcus,rank_6,s__Methanococcus_maripaludis,Root,d__Archaea,p__Euryarchaeota,c__Methanococci,o__Methanococcales,f__Methanococcaceae,g__Methanococcus,s__Methanococcus_maripaludis
s__Methanococcus_voltae,g__Methanococcus,rank_6,s__Methanococcus_voltae,Root,d__Archaea,p__Euryarchaeota,c__Methanococci,o__Methanococcales,f__Methanococcaceae,g__Methanococcus,s__Methanococcus_voltae
g__Methanothermococcus,f__Methanococcaceae,rank_5,g__Methanothermococcus,Root,d__Archaea,p__Euryarchaeota,c__Methanococci,o__Methanococcales,f__Methanococcaceae,g__Methanothermococcus,
s__Methanothermococcus_okinawensis,g__Methanothermococcus,rank_6,s__Methanothermococcus_okinawensis,Root,d__Archaea,p__Euryarchaeota,c__Methanococci,o__Methanococcales,f__Methanococcaceae,g__Methanothermococcus,s__Methanothermococcus_okinawensis
c__Methanomicrobia,p__Euryarchaeota,rank_2,c__Methanomicrobia,Root,d__Archaea,p__Euryarchaeota,c__Methanomicrobia,,,,
o__Methanocellales,c__Methanomicrobia,rank_3,o__Methanocellales,Root,d__Archaea,p__Euryarchaeota,c__Methanomicrobia,o__Methanocellales,,,
f__Methanocellaceae,o__Methanocellales,rank_4,f__Methanocellaceae,Root,d__Archaea,p__Euryarchaeota,c__Methanomicrobia,o__Methanocellales,f__Methanocellaceae,,
g__Methanocella,f__Methanocellaceae,rank_5,g__Methanocella,Root,d__Archaea,p__Euryarchaeota,c__Methanomicrobia,o__Methanocellales,f__Methanocellaceae,g__Methanocella,
s__Methanocella_arvoryzae,g__Methanocella,rank_6,s__Methanocella_arvoryzae,Root,d__Archaea,p__Euryarchaeota,c__Methanomicrobia,o__Methanocellales,f__Methanocellaceae,g__Methanocella,s__Methanocella_arvoryzae
s__Methanocella_paludicola,g__Methanocella,rank_6,s__Methanocella_paludicola,Root,d__Archaea,p__Euryarchaeota,c__Methanomicrobia,o__Methanocellales,f__Methanocellaceae,g__Methanocella,s__Methanocella_paludicola
o__Methanomicrobiales,c__Methanomicrobia,rank_3,o__Methanomicrobiales,Root,d__Archaea,p__Euryarchaeota,c__Methanomicrobia,o__Methanomicrobiales,,,
f__Methanocalculaceae,o__Methanomicrobiales,rank_4,f__Methanocalculaceae,Root,d__Archaea,p__Euryarchaeota,c__Methanomicrobia,o__Methanomicrobiales,f__Methanocalculaceae,,
g__Methanocalculus,f__Methanocalculaceae,rank_5,g__Methanocalculus,Root,d__Archaea,p__Euryarchaeota,c__Methanomicrobia,o__Methanomicrobiales,f__Methanocalculaceae,g__Methanocalculus,
s__Methanocalculus_sp._52_23,g__Methanocalculus,rank_6,s__Methanocalculus_sp._52_23,Root,d__Archaea,p__Euryarchaeota,c__Methanomicrobia,o__Methanomicrobiales,f__Methanocalculaceae,g__Methanocalculus,s__Methanocalculus_sp._52_23
f__Methanocorpusculaceae,o__Methanomicrobiales,rank_4,f__Methanocorpusculaceae,Root,d__Archaea,p__Euryarchaeota,c__Methanomicrobia,o__Methanomicrobiales,f__Methanocorpusculaceae,,
g__Methanocorpusculum,f__Methanocorpusculaceae,rank_5,g__Methanocorpusculum,Root,d__Archaea,p__Euryarchaeota,c__Methanomicrobia,o__Methanomicrobiales,f__Methanocorpusculaceae,g__Methanocorpusculum,
s__Methanocorpusculum_labreanum,g__Methanocorpusculum,rank_6,s__Methanocorpusculum_labreanum,Root,d__Archaea,p__Euryarchaeota,c__Methanomicrobia,o__Methanomicrobiales,f__Methanocorpusculaceae,g__Methanocorpusculum,s__Methanocorpusculum_labreanum
f__Methanomicrobiaceae,o__Methanomicrobiales,rank_4,f__Methanomicrobiaceae,Root,d__Archaea,p__Euryarchaeota,c__Methanomicrobia,o__Methanomicrobiales,f__Methanomicrobiaceae,,
g__Methanoculleus,f__Methanomicrobiaceae,rank_5,g__Methanoculleus,Root,d__Archaea,p__Euryarchaeota,c__Methanomicrobia,o__Methanomicrobiales,f__Methanomicrobiaceae,g__Methanoculleus,
s__Methanoculleus_sp._SDB,g__Methanoculleus,rank_6,s__Methanoculleus_sp._SDB,Root,d__Archaea,p__Euryarchaeota,c__Methanomicrobia,o__Methanomicrobiales,f__Methanomicrobiaceae,g__Methanoculleus,s__Methanoculleus_sp._SDB
o__Methanosarcinales,c__Methanomicrobia,rank_3,o__Methanosarcinales,Root,d__Archaea,p__Euryarchaeota,c__Methanomicrobia,o__Methanosarcinales,,,
f__Methanosarcinaceae,o__Methanosarcinales,rank_4,f__Methanosarcinaceae,Root,d__Archaea,p__Euryarchaeota,c__Methanomicrobia,o__Methanosarcinales,f__Methanosarcinaceae,,
g__Methanococcoides,f__Methanosarcinaceae,rank_5,g__Methanococcoides,Root,d__Archaea,p__Euryarchaeota,c__Methanomicrobia,o__Methanosarcinales,f__Methanosarcinaceae,g__Methanococcoides,
s__Methanococcoides_methylutens,g__Methanococcoides,rank_6,s__Methanococcoides_methylutens,Root,d__Archaea,p__Euryarchaeota,c__Methanomicrobia,o__Methanosarcinales,f__Methanosarcinaceae,g__Methanococcoides,s__Methanococcoides_methylutens
g__Methanosarcina,f__Methanosarcinaceae,rank_5,g__Methanosarcina,Root,d__Archaea,p__Euryarchaeota,c__Methanomicrobia,o__Methanosarcinales,f__Methanosarcinaceae,g__Methanosarcina,
s__Methanosarcina_lacustris,g__Methanosarcina,rank_6,s__Methanosarcina_lacustris,Root,d__Archaea,p__Euryarchaeota,c__Methanomicrobia,o__Methanosarcinales,f__Methanosarcinaceae,g__Methanosarcina,s__Methanosarcina_lacustris
s__Methanosarcina_sp._MTP4,g__Methanosarcina,rank_6,s__Methanosarcina_sp._MTP4,Root,d__Archaea,p__Euryarchaeota,c__Methanomicrobia,o__Methanosarcinales,f__Methanosarcinaceae,g__Methanosarcina,s__Methanosarcina_sp._MTP4
f__Methanotrichaceae,o__Methanosarcinales,rank_4,f__Methanotrichaceae,Root,d__Archaea,p__Euryarchaeota,c__Methanomicrobia,o__Methanosarcinales,f__Methanotrichaceae,,
g__Methanothrix,f__Methanotrichaceae,rank_5,g__Methanothrix,Root,d__Archaea,p__Euryarchaeota,c__Methanomicrobia,o__Methanosarcinales,f__Methanotrichaceae,g__Methanothrix,
s__Methanothrix_soehngenii,g__Methanothrix,rank_6,s__Methanothrix_soehngenii,Root,d__Archaea,p__Euryarchaeota,c__Methanomicrobia,o__Methanosarcinales,f__Methanotrichaceae,g__Methanothrix,s__Methanothrix_soehngenii
s__Methanothrix_thermoacetophila,g__Methanothrix,rank_6,s__Methanothrix_thermoacetophila,Root,d__Archaea,p__Euryarchaeota,c__Methanomicrobia,o__Methanosarcinales,f__Methanotrichaceae,g__Methanothrix,s__Methanothrix_thermoacetophila
c__Methanonatronarchaeia,p__Euryarchaeota,rank_2,c__Methanonatronarchaeia,Root,d__Archaea,p__Euryarchaeota,c__Methanonatronarchaeia,,,,
o__Methanonatronarchaeales,c__Methanonatronarchaeia,rank_3,o__Methanonatronarchaeales,Root,d__Archaea,p__Euryarchaeota,c__Methanonatronarchaeia,o__Methanonatronarchaeales,,,
f__Methanonatronarchaeaceae,o__Methanonatronarchaeales,rank_4,f__Methanonatronarchaeaceae,Root,d__Archaea,p__Euryarchaeota,c__Methanonatronarchaeia,o__Methanonatronarchaeales,f__Methanonatronarchaeaceae,,
g__Candidatus_Methanohalarchaeum,f__Methanonatronarchaeaceae,rank_5,g__Candidatus_Methanohalarchaeum,Root,d__Archaea,p__Euryarchaeota,c__Methanonatronarchaeia,o__Methanonatronarchaeales,f__Methanonatronarchaeaceae,g__Candidatus_Methanohalarchaeum,
s__Candidatus_Methanohalarchaeum_thermophilum,g__Candidatus_Methanohalarchaeum,rank_6,s__Candidatus_Methanohalarchaeum_thermophilum,Root,d__Archaea,p__Euryarchaeota,c__Methanonatronarchaeia,o__Methanonatronarchaeales,f__Methanonatronarchaeaceae,g__Candidatus_Methanohalarchaeum,s__Candidatus_Methanohalarchaeum_thermophilum
g__Methanonatronarchaeum,f__Methanonatronarchaeaceae,rank_5,g__Methanonatronarchaeum,Root,d__Archaea,p__Euryarchaeota,c__Methanonatronarchaeia,o__Methanonatronarchaeales,f__Methanonatronarchaeaceae,g__Methanonatronarchaeum,
s__Methanonatronarchaeum_thermophilum,g__Methanonatronarchaeum,rank_6,s__Methanonatronarchaeum_thermophilum,Root,d__Archaea,p__Euryarchaeota,c__Methanonatronarchaeia,o__Methanonatronarchaeales,f__Methanonatronarchaeaceae,g__Methanonatronarchaeum,s__Methanonatronarchaeum_thermophilum
c__Methanopyri,p__Euryarchaeota,rank_2,c__Methanopyri,Root,d__Archaea,p__Euryarchaeota,c__Methanopyri,,,,
o__Methanopyrales,c__Methanopyri,rank_3,o__Methanopyrales,Root,d__Archaea,p__Euryarchaeota,c__Methanopyri,o__Methanopyrales,,,
f__Methanopyraceae,o__Methanopyrales,rank_4,f__Methanopyraceae,Root,d__Archaea,p__Euryarchaeota,c__Methanopyri,o__Methanopyrales,f__Methanopyraceae,,
g__Methanopyrus,f__Methanopyraceae,rank_5,g__Methanopyrus,Root,d__Archaea,p__Euryarchaeota,c__Methanopyri,o__Methanopyrales,f__Methanopyraceae,g__Methanopyrus,
c__Thermococci,p__Euryarchaeota,rank_2,c__Thermococci,Root,d__Archaea,p__Euryarchaeota,c__Thermococci,,,,
o__Thermococcales,c__Thermococci,rank_3,o__Thermococcales,Root,d__Archaea,p__Euryarchaeota,c__Thermococci,o__Thermococcales,,,
f__Thermococcaceae,o__Thermococcales,rank_4,f__Thermococcaceae,Root,d__Archaea,p__Euryarchaeota,c__Thermococci,o__Thermococcales,f__Thermococcaceae,,
g__Pyrococcus,f__Thermococcaceae,rank_5,g__Pyrococcus,Root,d__Archaea,p__Euryarchaeota,c__Thermococci,o__Thermococcales,f__Thermococcaceae,g__Pyrococcus,
s__Pyrococcus_sp._NA2,g__Pyrococcus,rank_6,s__Pyrococcus_sp._NA2,Root,d__Archaea,p__Euryarchaeota,c__Thermococci,o__Thermococcales,f__Thermococcaceae,g__Pyrococcus,s__Pyrococcus_sp._NA2
c__Thermoplasmata,p__Euryarchaeota,rank_2,c__Thermoplasmata,Root,d__Archaea,p__Euryarchaeota,c__Thermoplasmata,,,,
o__Methanomassiliicoccales,c__Thermoplasmata,rank_3,o__Methanomassiliicoccales,Root,d__Archaea,p__Euryarchaeota,c__Thermoplasmata,o__Methanomassiliicoccales,,,
f__Candidatus_Methanomethylophilaceae,o__Methanomassiliicoccales,rank_4,f__Candidatus_Methanomethylophilaceae,Root,d__Archaea,p__Euryarchaeota,c__Thermoplasmata,o__Methanomassiliicoccales,f__Candidatus_Methanomethylophilaceae,,
g__Candidatus_Methanomethylophilus,f__Candidatus_Methanomethylophilaceae,rank_5,g__Candidatus_Methanomethylophilus,Root,d__Archaea,p__Euryarchaeota,c__Thermoplasmata,o__Methanomassiliicoccales,f__Candidatus_Methanomethylophilaceae,g__Candidatus_Methanomethylophilus,
s__Candidatus_Methanomethylophilus_alvus,g__Candidatus_Methanomethylophilus,rank_6,s__Candidatus_Methanomethylophilus_alvus,Root,d__Archaea,p__Euryarchaeota,c__Thermoplasmata,o__Methanomassiliicoccales,f__Candidatus_Methanomethylophilaceae,g__Candidatus_Methanomethylophilus,s__Candidatus_Methanomethylophilus_alvus
s__Candidatus_Methanomethylophilus_sp._1R26,g__Candidatus_Methanomethylophilus,rank_6,s__Candidatus_Methanomethylophilus_sp._1R26,Root,d__Archaea,p__Euryarchaeota,c__Thermoplasmata,o__Methanomassiliicoccales,f__Candidatus_Methanomethylophilaceae,g__Candidatus_Methanomethylophilus,s__Candidatus_Methanomethylophilus_sp._1R26
f__Methanomassiliicoccaceae,o__Methanomassiliicoccales,rank_4,f__Methanomassiliicoccaceae,Root,d__Archaea,p__Euryarchaeota,c__Thermoplasmata,o__Methanomassiliicoccales,f__Methanomassiliicoccaceae,,
g__Candidatus_Methanoplasma,f__Methanomassiliicoccaceae,rank_5,g__Candidatus_Methanoplasma,Root,d__Archaea,p__Euryarchaeota,c__Thermoplasmata,o__Methanomassiliicoccales,f__Methanomassiliicoccaceae,g__Candidatus_Methanoplasma,
s__Candidatus_Methanoplasma_termitum,g__Candidatus_Methanoplasma,rank_6,s__Candidatus_Methanoplasma_termitum,Root,d__Archaea,p__Euryarchaeota,c__Thermoplasmata,o__Methanomassiliicoccales,f__Methanomassiliicoccaceae,g__Candidatus_Methanoplasma,s__Candidatus_Methanoplasma_termitum
g__Methanomassiliicoccus,f__Methanomassiliicoccaceae,rank_5,g__Methanomassiliicoccus,Root,d__Archaea,p__Euryarchaeota,c__Thermoplasmata,o__Methanomassiliicoccales,f__Methanomassiliicoccaceae,g__Methanomassiliicoccus,
s__Candidatus_Methanomassiliicoccus_intestinalis,g__Methanomassiliicoccus,rank_6,s__Candidatus_Methanomassiliicoccus_intestinalis,Root,d__Archaea,p__Euryarchaeota,c__Thermoplasmata,o__Methanomassiliicoccales,f__Methanomassiliicoccaceae,g__Methanomassiliicoccus,s__Candidatus_Methanomassiliicoccus_intestinalis
s__Methanomassiliicoccus_luminyensis,g__Methanomassiliicoccus,rank_6,s__Methanomassiliicoccus_luminyensis,Root,d__Archaea,p__Euryarchaeota,c__Thermoplasmata,o__Methanomassiliicoccales,f__Methanomassiliicoccaceae,g__Methanomassiliicoccus,s__Methanomassiliicoccus_luminyensis
o__Thermoplasmatales,c__Thermoplasmata,rank_3,o__Thermoplasmatales,Root,d__Archaea,p__Euryarchaeota,c__Thermoplasmata,o__Thermoplasmatales,,,
f__Cuniculiplasmataceae,o__Thermoplasmatales,rank_4,f__Cuniculiplasmataceae,Root,d__Archaea,p__Euryarchaeota,c__Thermoplasmata,o__Thermoplasmatales,f__Cuniculiplasmataceae,,
g__Cuniculiplasma,f__Cuniculiplasmataceae,rank_5,g__Cuniculiplasma,Root,d__Archaea,p__Euryarchaeota,c__Thermoplasmata,o__Thermoplasmatales,f__Cuniculiplasmataceae,g__Cuniculiplasma,
s__Cuniculiplasma_sp._C_DKE,g__Cuniculiplasma,rank_6,s__Cuniculiplasma_sp._C_DKE,Root,d__Archaea,p__Euryarchaeota,c__Thermoplasmata,o__Thermoplasmatales,f__Cuniculiplasmataceae,g__Cuniculiplasma,s__Cuniculiplasma_sp._C_DKE
f__Ferroplasmaceae,o__Thermoplasmatales,rank_4,f__Ferroplasmaceae,Root,d__Archaea,p__Euryarchaeota,c__Thermoplasmata,o__Thermoplasmatales,f__Ferroplasmaceae,,
g__Acidiplasma,f__Ferroplasmaceae,rank_5,g__Acidiplasma,Root,d__Archaea,p__Euryarchaeota,c__Thermoplasmata,o__Thermoplasmatales,f__Ferroplasmaceae,g__Acidiplasma,
g__Ferroplasma,f__Ferroplasmaceae,rank_5,g__Ferroplasma,Root,d__Archaea,p__Euryarchaeota,c__Thermoplasmata,o__Thermoplasmatales,f__Ferroplasmaceae,g__Ferroplasma,
s__Ferroplasma_sp._Type_II,g__Ferroplasma,rank_6,s__Ferroplasma_sp._Type_II,Root,d__Archaea,p__Euryarchaeota,c__Thermoplasmata,o__Thermoplasmatales,f__Ferroplasmaceae,g__Ferroplasma,s__Ferroplasma_sp._Type_II
f__Picrophilaceae,o__Thermoplasmatales,rank_4,f__Picrophilaceae,Root,d__Archaea,p__Euryarchaeota,c__Thermoplasmata,o__Thermoplasmatales,f__Picrophilaceae,,
g__Picrophilus,f__Picrophilaceae,rank_5,g__Picrophilus,Root,d__Archaea,p__Euryarchaeota,c__Thermoplasmata,o__Thermoplasmatales,f__Picrophilaceae,g__Picrophilus,
f__Thermoplasmataceae,o__Thermoplasmatales,rank_4,f__Thermoplasmataceae,Root,d__Archaea,p__Euryarchaeota,c__Thermoplasmata,o__Thermoplasmatales,f__Thermoplasmataceae,,
g__Thermoplasma,f__Thermoplasmataceae,rank_5,g__Thermoplasma,Root,d__Archaea,p__Euryarchaeota,c__Thermoplasmata,o__Thermoplasmatales,f__Thermoplasmataceae,g__Thermoplasma,
s__Thermoplasma_acidophilum,g__Thermoplasma,rank_6,s__Thermoplasma_acidophilum,Root,d__Archaea,p__Euryarchaeota,c__Thermoplasmata,o__Thermoplasmatales,f__Thermoplasmataceae,g__Thermoplasma,s__Thermoplasma_acidophilum
s__Thermoplasma_volcanium,g__Thermoplasma,rank_6,s__Thermoplasma_volcanium,Root,d__Archaea,p__Euryarchaeota,c__Thermoplasmata,o__Thermoplasmatales,f__Thermoplasmataceae,g__Thermoplasma,s__Thermoplasma_volcanium
p__Thaumarchaeota,d__Archaea,rank_1,p__Thaumarchaeota,Root,d__Archaea,p__Thaumarchaeota,,,,,
c__Nitrososphaeria,p__Thaumarchaeota,rank_2,c__Nitrososphaeria,Root,d__Archaea,p__Thaumarchaeota,c__Nitrososphaeria,,,,
o__Candidatus_Nitrosocaldales,c__Nitrososphaeria,rank_3,o__Candidatus_Nitrosocaldales,Root,d__Archaea,p__Thaumarchaeota,c__Nitrososphaeria,o__Candidatus_Nitrosocaldales,,,
f__Candidatus_Nitrosocaldaceae,o__Candidatus_Nitrosocaldales,rank_4,f__Candidatus_Nitrosocaldaceae,Root,d__Archaea,p__Thaumarchaeota,c__Nitrososphaeria,o__Candidatus_Nitrosocaldales,f__Candidatus_Nitrosocaldaceae,,
g__Candidatus_Nitrosocaldus,f__Candidatus_Nitrosocaldaceae,rank_5,g__Candidatus_Nitrosocaldus,Root,d__Archaea,p__Thaumarchaeota,c__Nitrososphaeria,o__Candidatus_Nitrosocaldales,f__Candidatus_Nitrosocaldaceae,g__Candidatus_Nitrosocaldus,
o__Nitrososphaerales,c__Nitrososphaeria,rank_3,o__Nitrososphaerales,Root,d__Archaea,p__Thaumarchaeota,c__Nitrososphaeria,o__Nitrososphaerales,,,
f__Nitrososphaeraceae,o__Nitrososphaerales,rank_4,f__Nitrososphaeraceae,Root,d__Archaea,p__Thaumarchaeota,c__Nitrososphaeria,o__Nitrososphaerales,f__Nitrososphaeraceae,,
g__Candidatus_Nitrosocosmicus,f__Nitrososphaeraceae,rank_5,g__Candidatus_Nitrosocosmicus,Root,d__Archaea,p__Thaumarchaeota,c__Nitrososphaeria,o__Nitrososphaerales,f__Nitrososphaeraceae,g__Candidatus_Nitrosocosmicus,
s__Candidatus_Nitrosocosmicus_oleophilus,g__Candidatus_Nitrosocosmicus,rank_6,s__Candidatus_Nitrosocosmicus_oleophilus,Root,d__Archaea,p__Thaumarchaeota,c__Nitrososphaeria,o__Nitrososphaerales,f__Nitrososphaeraceae,g__Candidatus_Nitrosocosmicus,s__Candidatus_Nitrosocosmicus_oleophilus
g__Nitrososphaera,f__Nitrososphaeraceae,rank_5,g__Nitrososphaera,Root,d__Archaea,p__Thaumarchaeota,c__Nitrososphaeria,o__Nitrososphaerales,f__Nitrososphaeraceae,g__Nitrososphaera,
s__Candidatus_Nitrososphaera_evergladensis,g__Nitrososphaera,rank_6,s__Candidatus_Nitrososphaera_evergladensis,Root,d__Archaea,p__Thaumarchaeota,c__Nitrososphaeria,o__Nitrososphaerales,f__Nitrososphaeraceae,g__Nitrososphaera,s__Candidatus_Nitrososphaera_evergladensis
s__Nitrososphaera_sp.,g__Nitrososphaera,rank_6,s__Nitrososphaera_sp.,Root,d__Archaea,p__Thaumarchaeota,c__Nitrososphaeria,o__Nitrososphaerales,f__Nitrososphaeraceae,g__Nitrososphaera,s__Nitrososphaera_sp.
d__Bacteria,Root,rank_0,d__Bacteria,Root,d__Bacteria,,,,,,
p__Proteobacteria,d__Bacteria,rank_1,p__Proteobacteria,Root,d__Bacteria,p__Proteobacteria,,,,,
c__Gammaproteobacteria,p__Proteobacteria,rank_2,c__Gammaproteobacteria,Root,d__Bacteria,p__Proteobacteria,c__Gammaproteobacteria,,,,
o__Oceanospirillales,c__Gammaproteobacteria,rank_3,o__Oceanospirillales,Root,d__Bacteria,p__Proteobacteria,c__Gammaproteobacteria,o__Oceanospirillales,,,
f__Saccharospirillaceae,o__Oceanospirillales,rank_4,f__Saccharospirillaceae,Root,d__Bacteria,p__Proteobacteria,c__Gammaproteobacteria,o__Oceanospirillales,f__Saccharospirillaceae,,
g__Saccharospirillum,f__Saccharospirillaceae,rank_5,g__Saccharospirillum,Root,d__Bacteria,p__Proteobacteria,c__Gammaproteobacteria,o__Oceanospirillales,f__Saccharospirillaceae,g__Saccharospirillum,
s__Saccharospirillum_mangrovi,g__Saccharospirillum,rank_6,s__Saccharospirillum_mangrovi,Root,d__Bacteria,p__Proteobacteria,c__Gammaproteobacteria,o__Oceanospirillales,f__Saccharospirillaceae,g__Saccharospirillum,s__Saccharospirillum_mangrovi
